Pin,Pin Name,Bank,Memory Byte Group,I/O Type,Super Logic Region
U12,DXN,NA,NA,NA,NA
P12,VCCADC,NA,NA,NA,NA
P13,GNDADC,NA,NA,NA,NA
U13,DXP,NA,NA,NA,NA
T13,VREFP,NA,NA,NA,NA
R12,VREFN,NA,NA,NA,NA
R13,VP,NA,NA,NA,NA
T12,VN,NA,NA,NA,NA
U7,PUDC_B,0,NA,CONFIG,NA
W7,POR_OVERRIDE,NA,NA,NA,NA
L13,IO_L12N_AD0N_46,46,NA,HD,NA
L14,IO_L12P_AD0P_46,46,NA,HD,NA
J14,IO_L11N_AD1N_46,46,NA,HD,NA
K14,IO_L11P_AD1P_46,46,NA,HD,NA
H13,IO_L10N_AD2N_46,46,NA,HD,NA
H14,IO_L10P_AD2P_46,46,NA,HD,NA
G14,IO_L9N_AD3N_46,46,NA,HD,NA
G15,IO_L9P_AD3P_46,46,NA,HD,NA
E15,IO_L8N_HDGC_AD4N_46,46,NA,HD,NA
F15,IO_L8P_HDGC_AD4P_46,46,NA,HD,NA
F13,IO_L7N_HDGC_AD5N_46,46,NA,HD,NA
G13,IO_L7P_HDGC_AD5P_46,46,NA,HD,NA
E13,IO_L6N_HDGC_AD6N_46,46,NA,HD,NA
E14,IO_L6P_HDGC_AD6P_46,46,NA,HD,NA
D14,IO_L5N_HDGC_AD7N_46,46,NA,HD,NA
D15,IO_L5P_HDGC_AD7P_46,46,NA,HD,NA
C13,IO_L4N_AD8N_46,46,NA,HD,NA
C14,IO_L4P_AD8P_46,46,NA,HD,NA
A13,IO_L3N_AD9N_46,46,NA,HD,NA
B13,IO_L3P_AD9P_46,46,NA,HD,NA
A14,IO_L2N_AD10N_46,46,NA,HD,NA
B14,IO_L2P_AD10P_46,46,NA,HD,NA
A15,IO_L1N_AD11N_46,46,NA,HD,NA
B15,IO_L1P_AD11P_46,46,NA,HD,NA
C12,IO_L12N_AD8N_45,45,NA,HD,NA
D12,IO_L12P_AD8P_45,45,NA,HD,NA
A11,IO_L11N_AD9N_45,45,NA,HD,NA
A12,IO_L11P_AD9P_45,45,NA,HD,NA
A10,IO_L10N_AD10N_45,45,NA,HD,NA
B11,IO_L10P_AD10P_45,45,NA,HD,NA
B10,IO_L9N_AD11N_45,45,NA,HD,NA
C11,IO_L9P_AD11P_45,45,NA,HD,NA
D11,IO_L8N_HDGC_45,45,NA,HD,NA
E12,IO_L8P_HDGC_45,45,NA,HD,NA
D10,IO_L7N_HDGC_45,45,NA,HD,NA
E10,IO_L7P_HDGC_45,45,NA,HD,NA
F11,IO_L6N_HDGC_45,45,NA,HD,NA
F12,IO_L6P_HDGC_45,45,NA,HD,NA
F10,IO_L5N_HDGC_45,45,NA,HD,NA
G11,IO_L5P_HDGC_45,45,NA,HD,NA
H12,IO_L4N_AD12N_45,45,NA,HD,NA
J12,IO_L4P_AD12P_45,45,NA,HD,NA
G10,IO_L3N_AD13N_45,45,NA,HD,NA
H11,IO_L3P_AD13P_45,45,NA,HD,NA
K12,IO_L2N_AD14N_45,45,NA,HD,NA
K13,IO_L2P_AD14P_45,45,NA,HD,NA
J10,IO_L1N_AD15N_45,45,NA,HD,NA
J11,IO_L1P_AD15P_45,45,NA,HD,NA
AA12,IO_L12N_AD8N_44,44,NA,HD,NA
Y12,IO_L12P_AD8P_44,44,NA,HD,NA
W11,IO_L11N_AD9N_44,44,NA,HD,NA
W12,IO_L11P_AD9P_44,44,NA,HD,NA
Y13,IO_L10N_AD10N_44,44,NA,HD,NA
Y14,IO_L10P_AD10P_44,44,NA,HD,NA
W13,IO_L9N_AD11N_44,44,NA,HD,NA
W14,IO_L9P_AD11P_44,44,NA,HD,NA
AB14,IO_L8N_HDGC_44,44,NA,HD,NA
AB15,IO_L8P_HDGC_44,44,NA,HD,NA
AB13,IO_L7N_HDGC_44,44,NA,HD,NA
AA13,IO_L7P_HDGC_44,44,NA,HD,NA
AC13,IO_L6N_HDGC_44,44,NA,HD,NA
AC14,IO_L6P_HDGC_44,44,NA,HD,NA
AD14,IO_L5N_HDGC_44,44,NA,HD,NA
AD15,IO_L5P_HDGC_44,44,NA,HD,NA
AF13,IO_L4N_AD12N_44,44,NA,HD,NA
AE13,IO_L4P_AD12P_44,44,NA,HD,NA
AH13,IO_L3N_AD13N_44,44,NA,HD,NA
AG13,IO_L3P_AD13P_44,44,NA,HD,NA
AH14,IO_L2N_AD14N_44,44,NA,HD,NA
AG14,IO_L2P_AD14P_44,44,NA,HD,NA
AE14,IO_L1N_AD15N_44,44,NA,HD,NA
AE15,IO_L1P_AD15P_44,44,NA,HD,NA
AB9,IO_L12N_AD0N_43,43,NA,HD,NA
AB10,IO_L12P_AD0P_43,43,NA,HD,NA
AA8,IO_L11N_AD1N_43,43,NA,HD,NA
Y9,IO_L11P_AD1P_43,43,NA,HD,NA
Y10,IO_L10N_AD2N_43,43,NA,HD,NA
W10,IO_L10P_AD2P_43,43,NA,HD,NA
AA10,IO_L9N_AD3N_43,43,NA,HD,NA
AA11,IO_L9P_AD3P_43,43,NA,HD,NA
AC11,IO_L8N_HDGC_AD4N_43,43,NA,HD,NA
AB11,IO_L8P_HDGC_AD4P_43,43,NA,HD,NA
AD10,IO_L7N_HDGC_AD5N_43,43,NA,HD,NA
AD11,IO_L7P_HDGC_AD5P_43,43,NA,HD,NA
AD12,IO_L6N_HDGC_AD6N_43,43,NA,HD,NA
AC12,IO_L6P_HDGC_AD6P_43,43,NA,HD,NA
AF12,IO_L5N_HDGC_AD7N_43,43,NA,HD,NA
AE12,IO_L5P_HDGC_AD7P_43,43,NA,HD,NA
AF10,IO_L4N_AD8N_43,43,NA,HD,NA
AE10,IO_L4P_AD8P_43,43,NA,HD,NA
AH11,IO_L3N_AD9N_43,43,NA,HD,NA
AH12,IO_L3P_AD9P_43,43,NA,HD,NA
AG11,IO_L2N_AD10N_43,43,NA,HD,NA
AF11,IO_L2P_AD10P_43,43,NA,HD,NA
AH10,IO_L1N_AD11N_43,43,NA,HD,NA
AG10,IO_L1P_AD11P_43,43,NA,HD,NA
B9,IO_L24N_T3U_N11_66,66,3U,HP,NA
C9,IO_L24P_T3U_N10_66,66,3U,HP,NA
A8,IO_L23N_T3U_N9_66,66,3U,HP,NA
A9,IO_L23P_T3U_N8_66,66,3U,HP,NA
B8,IO_L22N_T3U_N7_DBC_AD0N_66,66,3U,HP,NA
C8,IO_L22P_T3U_N6_DBC_AD0P_66,66,3U,HP,NA
A6,IO_L21N_T3L_N5_AD8N_66,66,3L,HP,NA
A7,IO_L21P_T3L_N4_AD8P_66,66,3L,HP,NA
B6,IO_L20N_T3L_N3_AD1N_66,66,3L,HP,NA
C6,IO_L20P_T3L_N2_AD1P_66,66,3L,HP,NA
A5,IO_L19N_T3L_N1_DBC_AD9N_66,66,3L,HP,NA
B5,IO_L19P_T3L_N0_DBC_AD9P_66,66,3L,HP,NA
C7,IO_T3U_N12_66,66,3U,HP,NA
E7,IO_T2U_N12_66,66,2U,HP,NA
D9,IO_L18N_T2U_N11_AD2N_66,66,2U,HP,NA
E9,IO_L18P_T2U_N10_AD2P_66,66,2U,HP,NA
E8,IO_L17N_T2U_N9_AD10N_66,66,2U,HP,NA
F8,IO_L17P_T2U_N8_AD10P_66,66,2U,HP,NA
F7,IO_L16N_T2U_N7_QBC_AD3N_66,66,2U,HP,NA
G8,IO_L16P_T2U_N6_QBC_AD3P_66,66,2U,HP,NA
F6,IO_L15N_T2L_N5_AD11N_66,66,2L,HP,NA
G6,IO_L15P_T2L_N4_AD11P_66,66,2L,HP,NA
D5,IO_L14N_T2L_N3_GC_66,66,2L,HP,NA
E5,IO_L14P_T2L_N2_GC_66,66,2L,HP,NA
D6,IO_L13N_T2L_N1_GC_QBC_66,66,2L,HP,NA
D7,IO_L13P_T2L_N0_GC_QBC_66,66,2L,HP,NA
C2,IO_L12N_T1U_N11_GC_66,66,1U,HP,NA
C3,IO_L12P_T1U_N10_GC_66,66,1U,HP,NA
C4,IO_L11N_T1U_N9_GC_66,66,1U,HP,NA
D4,IO_L11P_T1U_N8_GC_66,66,1U,HP,NA
A4,IO_L10N_T1U_N7_QBC_AD4N_66,66,1U,HP,NA
B4,IO_L10P_T1U_N6_QBC_AD4P_66,66,1U,HP,NA
A3,IO_L9N_T1L_N5_AD12N_66,66,1L,HP,NA
B3,IO_L9P_T1L_N4_AD12P_66,66,1L,HP,NA
A1,IO_L8N_T1L_N3_AD5N_66,66,1L,HP,NA
A2,IO_L8P_T1L_N2_AD5P_66,66,1L,HP,NA
B1,IO_L7N_T1L_N1_QBC_AD13N_66,66,1L,HP,NA
C1,IO_L7P_T1L_N0_QBC_AD13P_66,66,1L,HP,NA
D2,IO_T1U_N12_66,66,1U,HP,NA
G4,IO_T0U_N12_VRP_66,66,0U,HP,NA
F5,IO_L6N_T0U_N11_AD6N_66,66,0U,HP,NA
G5,IO_L6P_T0U_N10_AD6P_66,66,0U,HP,NA
E3,IO_L5N_T0U_N9_AD14N_66,66,0U,HP,NA
E4,IO_L5P_T0U_N8_AD14P_66,66,0U,HP,NA
F3,IO_L4N_T0U_N7_DBC_AD7N_66,66,0U,HP,NA
G3,IO_L4P_T0U_N6_DBC_AD7P_66,66,0U,HP,NA
E2,IO_L3N_T0L_N5_AD15N_66,66,0L,HP,NA
F2,IO_L3P_T0L_N4_AD15P_66,66,0L,HP,NA
D1,IO_L2N_T0L_N3_66,66,0L,HP,NA
E1,IO_L2P_T0L_N2_66,66,0L,HP,NA
F1,IO_L1N_T0L_N1_DBC_66,66,0L,HP,NA
G1,IO_L1P_T0L_N0_DBC_66,66,0L,HP,NA
G9,VREF_66,66,NA,HP,NA
H8,IO_L24N_T3U_N11_PERSTN0_65,65,3U,HP,NA
H9,IO_L24P_T3U_N10_PERSTN1_I2C_SDA_65,65,3U,HP,NA
J9,IO_L23N_T3U_N9_65,65,3U,HP,NA
K9,IO_L23P_T3U_N8_I2C_SCLK_65,65,3U,HP,NA
K7,IO_L22N_T3U_N7_DBC_AD0N_65,65,3U,HP,NA
K8,IO_L22P_T3U_N6_DBC_AD0P_65,65,3U,HP,NA
H7,IO_L21N_T3L_N5_AD8N_65,65,3L,HP,NA
J7,IO_L21P_T3L_N4_AD8P_65,65,3L,HP,NA
H6,IO_L20N_T3L_N3_AD1N_65,65,3L,HP,NA
J6,IO_L20P_T3L_N2_AD1P_65,65,3L,HP,NA
J4,IO_L19N_T3L_N1_DBC_AD9N_65,65,3L,HP,NA
J5,IO_L19P_T3L_N0_DBC_AD9P_65,65,3L,HP,NA
K5,IO_T3U_N12_65,65,3U,HP,NA
P9,IO_T2U_N12_65,65,2U,HP,NA
L8,IO_L18N_T2U_N11_AD2N_65,65,2U,HP,NA
M8,IO_L18P_T2U_N10_AD2P_65,65,2U,HP,NA
N8,IO_L17N_T2U_N9_AD10N_65,65,2U,HP,NA
N9,IO_L17P_T2U_N8_AD10P_65,65,2U,HP,NA
P6,IO_L16N_T2U_N7_QBC_AD3N_65,65,2U,HP,NA
P7,IO_L16P_T2U_N6_QBC_AD3P_65,65,2U,HP,NA
N6,IO_L15N_T2L_N5_AD11N_65,65,2L,HP,NA
N7,IO_L15P_T2L_N4_AD11P_65,65,2L,HP,NA
L5,IO_L14N_T2L_N3_GC_65,65,2L,HP,NA
M6,IO_L14P_T2L_N2_GC_65,65,2L,HP,NA
L6,IO_L13N_T2L_N1_GC_QBC_65,65,2L,HP,NA
L7,IO_L13P_T2L_N0_GC_QBC_65,65,2L,HP,NA
L2,IO_L12N_T1U_N11_GC_65,65,1U,HP,NA
L3,IO_L12P_T1U_N10_GC_65,65,1U,HP,NA
K3,IO_L11N_T1U_N9_GC_65,65,1U,HP,NA
K4,IO_L11P_T1U_N8_GC_65,65,1U,HP,NA
H3,IO_L10N_T1U_N7_QBC_AD4N_65,65,1U,HP,NA
H4,IO_L10P_T1U_N6_QBC_AD4P_65,65,1U,HP,NA
J2,IO_L9N_T1L_N5_AD12N_65,65,1L,HP,NA
K2,IO_L9P_T1L_N4_AD12P_65,65,1L,HP,NA
H1,IO_L8N_T1L_N3_AD5N_65,65,1L,HP,NA
J1,IO_L8P_T1L_N2_AD5P_65,65,1L,HP,NA
K1,IO_L7N_T1L_N1_QBC_AD13N_65,65,1L,HP,NA
L1,IO_L7P_T1L_N0_QBC_AD13P_65,65,1L,HP,NA
H2,IO_T1U_N12_65,65,1U,HP,NA
W9,IO_T0U_N12_VRP_65,65,0U,HP,NA
T6,IO_L6N_T0U_N11_AD6N_65,65,0U,HP,NA
R6,IO_L6P_T0U_N10_AD6P_65,65,0U,HP,NA
T7,IO_L5N_T0U_N9_AD14N_65,65,0U,HP,NA
R7,IO_L5P_T0U_N8_AD14P_65,65,0U,HP,NA
T8,IO_L4N_T0U_N7_DBC_AD7N_65,65,0U,HP,NA
R8,IO_L4P_T0U_N6_DBC_AD7P_SMBALERT_65,65,0U,HP,NA
V8,IO_L3N_T0L_N5_AD15N_65,65,0L,HP,NA
U8,IO_L3P_T0L_N4_AD15P_65,65,0L,HP,NA
V9,IO_L2N_T0L_N3_65,65,0L,HP,NA
U9,IO_L2P_T0L_N2_65,65,0L,HP,NA
Y8,IO_L1N_T0L_N1_DBC_65,65,0L,HP,NA
W8,IO_L1P_T0L_N0_DBC_65,65,0L,HP,NA
R9,VREF_65,65,NA,HP,NA
AG1,IO_L24N_T3U_N11_64,64,3U,HP,NA
AF1,IO_L24P_T3U_N10_64,64,3U,HP,NA
AH1,IO_L23N_T3U_N9_64,64,3U,HP,NA
AH2,IO_L23P_T3U_N8_64,64,3U,HP,NA
AF2,IO_L22N_T3U_N7_DBC_AD0N_64,64,3U,HP,NA
AE2,IO_L22P_T3U_N6_DBC_AD0P_64,64,3U,HP,NA
AF3,IO_L21N_T3L_N5_AD8N_64,64,3L,HP,NA
AE3,IO_L21P_T3L_N4_AD8P_64,64,3L,HP,NA
AH3,IO_L20N_T3L_N3_AD1N_64,64,3L,HP,NA
AG3,IO_L20P_T3L_N2_AD1P_64,64,3L,HP,NA
AH4,IO_L19N_T3L_N1_DBC_AD9N_64,64,3L,HP,NA
AG4,IO_L19P_T3L_N0_DBC_AD9P_64,64,3L,HP,NA
AE4,IO_T3U_N12_64,64,3U,HP,NA
AB5,IO_T2U_N12_64,64,2U,HP,NA
AC1,IO_L18N_T2U_N11_AD2N_64,64,2U,HP,NA
AB1,IO_L18P_T2U_N10_AD2P_64,64,2U,HP,NA
AC2,IO_L17N_T2U_N9_AD10N_64,64,2U,HP,NA
AB2,IO_L17P_T2U_N8_AD10P_64,64,2U,HP,NA
AD1,IO_L16N_T2U_N7_QBC_AD3N_64,64,2U,HP,NA
AD2,IO_L16P_T2U_N6_QBC_AD3P_64,64,2U,HP,NA
AB3,IO_L15N_T2L_N5_AD11N_64,64,2L,HP,NA
AB4,IO_L15P_T2L_N4_AD11P_64,64,2L,HP,NA
AC3,IO_L14N_T2L_N3_GC_64,64,2L,HP,NA
AC4,IO_L14P_T2L_N2_GC_64,64,2L,HP,NA
AD4,IO_L13N_T2L_N1_GC_QBC_64,64,2L,HP,NA
AD5,IO_L13P_T2L_N0_GC_QBC_64,64,2L,HP,NA
AF5,IO_L12N_T1U_N11_GC_64,64,1U,HP,NA
AE5,IO_L12P_T1U_N10_GC_64,64,1U,HP,NA
AF6,IO_L11N_T1U_N9_GC_64,64,1U,HP,NA
AF7,IO_L11P_T1U_N8_GC_64,64,1U,HP,NA
AG5,IO_L10N_T1U_N7_QBC_AD4N_64,64,1U,HP,NA
AG6,IO_L10P_T1U_N6_QBC_AD4P_64,64,1U,HP,NA
AH7,IO_L9N_T1L_N5_AD12N_64,64,1L,HP,NA
AH8,IO_L9P_T1L_N4_AD12P_64,64,1L,HP,NA
AG8,IO_L8N_T1L_N3_AD5N_64,64,1L,HP,NA
AF8,IO_L8P_T1L_N2_AD5P_64,64,1L,HP,NA
AH9,IO_L7N_T1L_N1_QBC_AD13N_64,64,1L,HP,NA
AG9,IO_L7P_T1L_N0_QBC_AD13P_64,64,1L,HP,NA
AH6,IO_T1U_N12_64,64,1U,HP,NA
AD6,IO_T0U_N12_VRP_64,64,0U,HP,NA
AC6,IO_L6N_T0U_N11_AD6N_64,64,0U,HP,NA
AB6,IO_L6P_T0U_N10_AD6P_64,64,0U,HP,NA
AC7,IO_L5N_T0U_N9_AD14N_64,64,0U,HP,NA
AB7,IO_L5P_T0U_N8_AD14P_64,64,0U,HP,NA
AE7,IO_L4N_T0U_N7_DBC_AD7N_64,64,0U,HP,NA
AD7,IO_L4P_T0U_N6_DBC_AD7P_64,64,0U,HP,NA
AC8,IO_L3N_T0L_N5_AD15N_64,64,0L,HP,NA
AB8,IO_L3P_T0L_N4_AD15P_64,64,0L,HP,NA
AE8,IO_L2N_T0L_N3_64,64,0L,HP,NA
AE9,IO_L2P_T0L_N2_64,64,0L,HP,NA
AD9,IO_L1N_T0L_N1_DBC_64,64,0L,HP,NA
AC9,IO_L1P_T0L_N0_DBC_64,64,0L,HP,NA
AA7,VREF_64,64,NA,HP,NA
Y1,MGTHRXN0_224,224,NA,GTH,NA
V1,MGTHRXN1_224,224,NA,GTH,NA
T1,MGTHRXN2_224,224,NA,GTH,NA
P1,MGTHRXN3_224,224,NA,GTH,NA
Y2,MGTHRXP0_224,224,NA,GTH,NA
V2,MGTHRXP1_224,224,NA,GTH,NA
T2,MGTHRXP2_224,224,NA,GTH,NA
P2,MGTHRXP3_224,224,NA,GTH,NA
W3,MGTHTXN0_224,224,NA,GTH,NA
U3,MGTHTXN1_224,224,NA,GTH,NA
R3,MGTHTXN2_224,224,NA,GTH,NA
N3,MGTHTXN3_224,224,NA,GTH,NA
W4,MGTHTXP0_224,224,NA,GTH,NA
U4,MGTHTXP1_224,224,NA,GTH,NA
R4,MGTHTXP2_224,224,NA,GTH,NA
N4,MGTHTXP3_224,224,NA,GTH,NA
Y5,MGTREFCLK0N_224,224,NA,GTH,NA
Y6,MGTREFCLK0P_224,224,NA,GTH,NA
V5,MGTREFCLK1N_224,224,NA,GTH,NA
V6,MGTREFCLK1P_224,224,NA,GTH,NA
N2,MGTRREF_R,NA,NA,NA,NA
N1,MGTAVTTRCAL_R,NA,NA,NA,NA
AG15,PS_MIO0,500,NA,PSMIO,NA
AG16,PS_MIO1,500,NA,PSMIO,NA
AD17,PS_MIO10,500,NA,PSMIO,NA
AE17,PS_MIO11,500,NA,PSMIO,NA
AC17,PS_MIO12,500,NA,PSMIO,NA
AH18,PS_MIO13,500,NA,PSMIO,NA
AG18,PS_MIO14,500,NA,PSMIO,NA
AE18,PS_MIO15,500,NA,PSMIO,NA
AF18,PS_MIO16,500,NA,PSMIO,NA
AC18,PS_MIO17,500,NA,PSMIO,NA
AC19,PS_MIO18,500,NA,PSMIO,NA
AE19,PS_MIO19,500,NA,PSMIO,NA
AF15,PS_MIO2,500,NA,PSMIO,NA
AD19,PS_MIO20,500,NA,PSMIO,NA
AC21,PS_MIO21,500,NA,PSMIO,NA
AB20,PS_MIO22,500,NA,PSMIO,NA
AB18,PS_MIO23,500,NA,PSMIO,NA
AB19,PS_MIO24,500,NA,PSMIO,NA
AB21,PS_MIO25,500,NA,PSMIO,NA
AH15,PS_MIO3,500,NA,PSMIO,NA
AH16,PS_MIO4,500,NA,PSMIO,NA
AD16,PS_MIO5,500,NA,PSMIO,NA
AF16,PS_MIO6,500,NA,PSMIO,NA
AH17,PS_MIO7,500,NA,PSMIO,NA
AF17,PS_MIO8,500,NA,PSMIO,NA
AC16,PS_MIO9,500,NA,PSMIO,NA
L15,PS_MIO26,501,NA,PSMIO,NA
J15,PS_MIO27,501,NA,PSMIO,NA
K15,PS_MIO28,501,NA,PSMIO,NA
G16,PS_MIO29,501,NA,PSMIO,NA
F16,PS_MIO30,501,NA,PSMIO,NA
H16,PS_MIO31,501,NA,PSMIO,NA
J16,PS_MIO32,501,NA,PSMIO,NA
L16,PS_MIO33,501,NA,PSMIO,NA
L17,PS_MIO34,501,NA,PSMIO,NA
H17,PS_MIO35,501,NA,PSMIO,NA
K17,PS_MIO36,501,NA,PSMIO,NA
J17,PS_MIO37,501,NA,PSMIO,NA
H18,PS_MIO38,501,NA,PSMIO,NA
H19,PS_MIO39,501,NA,PSMIO,NA
K18,PS_MIO40,501,NA,PSMIO,NA
J19,PS_MIO41,501,NA,PSMIO,NA
L18,PS_MIO42,501,NA,PSMIO,NA
K19,PS_MIO43,501,NA,PSMIO,NA
J20,PS_MIO44,501,NA,PSMIO,NA
K20,PS_MIO45,501,NA,PSMIO,NA
L20,PS_MIO46,501,NA,PSMIO,NA
H21,PS_MIO47,501,NA,PSMIO,NA
J21,PS_MIO48,501,NA,PSMIO,NA
M18,PS_MIO49,501,NA,PSMIO,NA
M19,PS_MIO50,501,NA,PSMIO,NA
L21,PS_MIO51,501,NA,PSMIO,NA
G18,PS_MIO52,502,NA,PSMIO,NA
D16,PS_MIO53,502,NA,PSMIO,NA
F17,PS_MIO54,502,NA,PSMIO,NA
B16,PS_MIO55,502,NA,PSMIO,NA
C16,PS_MIO56,502,NA,PSMIO,NA
A16,PS_MIO57,502,NA,PSMIO,NA
F18,PS_MIO58,502,NA,PSMIO,NA
E17,PS_MIO59,502,NA,PSMIO,NA
C17,PS_MIO60,502,NA,PSMIO,NA
D17,PS_MIO61,502,NA,PSMIO,NA
A17,PS_MIO62,502,NA,PSMIO,NA
E18,PS_MIO63,502,NA,PSMIO,NA
E19,PS_MIO64,502,NA,PSMIO,NA
A18,PS_MIO65,502,NA,PSMIO,NA
G19,PS_MIO66,502,NA,PSMIO,NA
B18,PS_MIO67,502,NA,PSMIO,NA
C18,PS_MIO68,502,NA,PSMIO,NA
D19,PS_MIO69,502,NA,PSMIO,NA
C19,PS_MIO70,502,NA,PSMIO,NA
B19,PS_MIO71,502,NA,PSMIO,NA
G20,PS_MIO72,502,NA,PSMIO,NA
G21,PS_MIO73,502,NA,PSMIO,NA
D20,PS_MIO74,502,NA,PSMIO,NA
A19,PS_MIO75,502,NA,PSMIO,NA
B20,PS_MIO76,502,NA,PSMIO,NA
F20,PS_MIO77,502,NA,PSMIO,NA
M21,PS_DONE,503,NA,PSCONFIG,NA
P17,PS_ERROR_OUT,503,NA,PSCONFIG,NA
M20,PS_ERROR_STATUS,503,NA,PSCONFIG,NA
P21,PS_INIT_B,503,NA,PSCONFIG,NA
R19,PS_JTAG_TCK,503,NA,PSCONFIG,NA
R18,PS_JTAG_TDI,503,NA,PSCONFIG,NA
T21,PS_JTAG_TDO,503,NA,PSCONFIG,NA
N21,PS_JTAG_TMS,503,NA,PSCONFIG,NA
P19,PS_MODE0,503,NA,PSCONFIG,NA
P20,PS_MODE1,503,NA,PSCONFIG,NA
R20,PS_MODE2,503,NA,PSCONFIG,NA
T20,PS_MODE3,503,NA,PSCONFIG,NA
N17,PS_PADI,503,NA,PSCONFIG,NA
N18,PS_PADO,503,NA,PSCONFIG,NA
P16,PS_POR_B,503,NA,PSCONFIG,NA
R17,PS_PROG_B,503,NA,PSCONFIG,NA
R16,PS_REF_CLK,503,NA,PSCONFIG,NA
N19,PS_SRST_B,503,NA,PSCONFIG,NA
W28,PS_DDR_A0,504,NA,PSDDR,NA
Y28,PS_DDR_A1,504,NA,PSDDR,NA
AA25,PS_DDR_A10,504,NA,PSDDR,NA
AA26,PS_DDR_A11,504,NA,PSDDR,NA
AB25,PS_DDR_A12,504,NA,PSDDR,NA
AB26,PS_DDR_A13,504,NA,PSDDR,NA
AB24,PS_DDR_A14,504,NA,PSDDR,NA
AC24,PS_DDR_A15,504,NA,PSDDR,NA
AC23,PS_DDR_A16,504,NA,PSDDR,NA
AC22,PS_DDR_A17,504,NA,PSDDR,NA
AB28,PS_DDR_A2,504,NA,PSDDR,NA
AA28,PS_DDR_A3,504,NA,PSDDR,NA
Y27,PS_DDR_A4,504,NA,PSDDR,NA
AA27,PS_DDR_A5,504,NA,PSDDR,NA
Y22,PS_DDR_A6,504,NA,PSDDR,NA
AA23,PS_DDR_A7,504,NA,PSDDR,NA
AA22,PS_DDR_A8,504,NA,PSDDR,NA
AB23,PS_DDR_A9,504,NA,PSDDR,NA
Y23,PS_DDR_ACT_N,504,NA,PSDDR,NA
U25,PS_DDR_ALERT_N,504,NA,PSDDR,NA
V23,PS_DDR_BA0,504,NA,PSDDR,NA
W22,PS_DDR_BA1,504,NA,PSDDR,NA
W24,PS_DDR_BG0,504,NA,PSDDR,NA
V22,PS_DDR_BG1,504,NA,PSDDR,NA
W25,PS_DDR_CK0,504,NA,PSDDR,NA
Y24,PS_DDR_CK1,504,NA,PSDDR,NA
V28,PS_DDR_CKE0,504,NA,PSDDR,NA
V27,PS_DDR_CKE1,504,NA,PSDDR,NA
W26,PS_DDR_CK_N0,504,NA,PSDDR,NA
Y25,PS_DDR_CK_N1,504,NA,PSDDR,NA
W27,PS_DDR_CS_N0,504,NA,PSDDR,NA
V26,PS_DDR_CS_N1,504,NA,PSDDR,NA
AG20,PS_DDR_DM0,504,NA,PSDDR,NA
AE23,PS_DDR_DM1,504,NA,PSDDR,NA
AE25,PS_DDR_DM2,504,NA,PSDDR,NA
AE28,PS_DDR_DM3,504,NA,PSDDR,NA
R23,PS_DDR_DM4,504,NA,PSDDR,NA
H23,PS_DDR_DM5,504,NA,PSDDR,NA
L27,PS_DDR_DM6,504,NA,PSDDR,NA
H26,PS_DDR_DM7,504,NA,PSDDR,NA
T26,PS_DDR_DM8,504,NA,PSDDR,NA
AD21,PS_DDR_DQ0,504,NA,PSDDR,NA
AE20,PS_DDR_DQ1,504,NA,PSDDR,NA
AE22,PS_DDR_DQ10,504,NA,PSDDR,NA
AD22,PS_DDR_DQ11,504,NA,PSDDR,NA
AH23,PS_DDR_DQ12,504,NA,PSDDR,NA
AH24,PS_DDR_DQ13,504,NA,PSDDR,NA
AE24,PS_DDR_DQ14,504,NA,PSDDR,NA
AG24,PS_DDR_DQ15,504,NA,PSDDR,NA
AC26,PS_DDR_DQ16,504,NA,PSDDR,NA
AD26,PS_DDR_DQ17,504,NA,PSDDR,NA
AD25,PS_DDR_DQ18,504,NA,PSDDR,NA
AD24,PS_DDR_DQ19,504,NA,PSDDR,NA
AD20,PS_DDR_DQ2,504,NA,PSDDR,NA
AG26,PS_DDR_DQ20,504,NA,PSDDR,NA
AH25,PS_DDR_DQ21,504,NA,PSDDR,NA
AH26,PS_DDR_DQ22,504,NA,PSDDR,NA
AG25,PS_DDR_DQ23,504,NA,PSDDR,NA
AH27,PS_DDR_DQ24,504,NA,PSDDR,NA
AH28,PS_DDR_DQ25,504,NA,PSDDR,NA
AF28,PS_DDR_DQ26,504,NA,PSDDR,NA
AG28,PS_DDR_DQ27,504,NA,PSDDR,NA
AC27,PS_DDR_DQ28,504,NA,PSDDR,NA
AD27,PS_DDR_DQ29,504,NA,PSDDR,NA
AF20,PS_DDR_DQ3,504,NA,PSDDR,NA
AD28,PS_DDR_DQ30,504,NA,PSDDR,NA
AC28,PS_DDR_DQ31,504,NA,PSDDR,NA
T22,PS_DDR_DQ32,504,NA,PSDDR,NA
R22,PS_DDR_DQ33,504,NA,PSDDR,NA
P22,PS_DDR_DQ34,504,NA,PSDDR,NA
N22,PS_DDR_DQ35,504,NA,PSDDR,NA
T23,PS_DDR_DQ36,504,NA,PSDDR,NA
P24,PS_DDR_DQ37,504,NA,PSDDR,NA
R24,PS_DDR_DQ38,504,NA,PSDDR,NA
N24,PS_DDR_DQ39,504,NA,PSDDR,NA
AH21,PS_DDR_DQ4,504,NA,PSDDR,NA
H24,PS_DDR_DQ40,504,NA,PSDDR,NA
J24,PS_DDR_DQ41,504,NA,PSDDR,NA
M24,PS_DDR_DQ42,504,NA,PSDDR,NA
K24,PS_DDR_DQ43,504,NA,PSDDR,NA
J22,PS_DDR_DQ44,504,NA,PSDDR,NA
H22,PS_DDR_DQ45,504,NA,PSDDR,NA
K22,PS_DDR_DQ46,504,NA,PSDDR,NA
L22,PS_DDR_DQ47,504,NA,PSDDR,NA
M25,PS_DDR_DQ48,504,NA,PSDDR,NA
M26,PS_DDR_DQ49,504,NA,PSDDR,NA
AH20,PS_DDR_DQ5,504,NA,PSDDR,NA
L25,PS_DDR_DQ50,504,NA,PSDDR,NA
L26,PS_DDR_DQ51,504,NA,PSDDR,NA
K28,PS_DDR_DQ52,504,NA,PSDDR,NA
L28,PS_DDR_DQ53,504,NA,PSDDR,NA
M28,PS_DDR_DQ54,504,NA,PSDDR,NA
N28,PS_DDR_DQ55,504,NA,PSDDR,NA
J28,PS_DDR_DQ56,504,NA,PSDDR,NA
K27,PS_DDR_DQ57,504,NA,PSDDR,NA
H28,PS_DDR_DQ58,504,NA,PSDDR,NA
H27,PS_DDR_DQ59,504,NA,PSDDR,NA
AH19,PS_DDR_DQ6,504,NA,PSDDR,NA
G26,PS_DDR_DQ60,504,NA,PSDDR,NA
G25,PS_DDR_DQ61,504,NA,PSDDR,NA
K25,PS_DDR_DQ62,504,NA,PSDDR,NA
J25,PS_DDR_DQ63,504,NA,PSDDR,NA
T28,PS_DDR_DQ64,504,NA,PSDDR,NA
R28,PS_DDR_DQ65,504,NA,PSDDR,NA
P28,PS_DDR_DQ66,504,NA,PSDDR,NA
P27,PS_DDR_DQ67,504,NA,PSDDR,NA
P26,PS_DDR_DQ68,504,NA,PSDDR,NA
R25,PS_DDR_DQ69,504,NA,PSDDR,NA
AG19,PS_DDR_DQ7,504,NA,PSDDR,NA
P25,PS_DDR_DQ70,504,NA,PSDDR,NA
T25,PS_DDR_DQ71,504,NA,PSDDR,NA
AF22,PS_DDR_DQ8,504,NA,PSDDR,NA
AH22,PS_DDR_DQ9,504,NA,PSDDR,NA
AG21,PS_DDR_DQS_N0,504,NA,PSDDR,NA
AG23,PS_DDR_DQS_N1,504,NA,PSDDR,NA
AF26,PS_DDR_DQS_N2,504,NA,PSDDR,NA
AF27,PS_DDR_DQS_N3,504,NA,PSDDR,NA
M23,PS_DDR_DQS_N4,504,NA,PSDDR,NA
K23,PS_DDR_DQS_N5,504,NA,PSDDR,NA
N27,PS_DDR_DQS_N6,504,NA,PSDDR,NA
J27,PS_DDR_DQS_N7,504,NA,PSDDR,NA
T27,PS_DDR_DQS_N8,504,NA,PSDDR,NA
AF21,PS_DDR_DQS_P0,504,NA,PSDDR,NA
AF23,PS_DDR_DQS_P1,504,NA,PSDDR,NA
AF25,PS_DDR_DQS_P2,504,NA,PSDDR,NA
AE27,PS_DDR_DQS_P3,504,NA,PSDDR,NA
N23,PS_DDR_DQS_P4,504,NA,PSDDR,NA
L23,PS_DDR_DQS_P5,504,NA,PSDDR,NA
N26,PS_DDR_DQS_P6,504,NA,PSDDR,NA
J26,PS_DDR_DQS_P7,504,NA,PSDDR,NA
R27,PS_DDR_DQS_P8,504,NA,PSDDR,NA
U28,PS_DDR_ODT0,504,NA,PSDDR,NA
U26,PS_DDR_ODT1,504,NA,PSDDR,NA
V24,PS_DDR_PARITY,504,NA,PSDDR,NA
U23,PS_DDR_RAM_RST_N,504,NA,PSDDR,NA
U24,PS_DDR_ZQ,504,NA,PSDDR,NA
F28,PS_MGTRRXN0_505,505,NA,PSGTR,NA
D28,PS_MGTRRXN1_505,505,NA,PSGTR,NA
B28,PS_MGTRRXN2_505,505,NA,PSGTR,NA
A26,PS_MGTRRXN3_505,505,NA,PSGTR,NA
F27,PS_MGTRRXP0_505,505,NA,PSGTR,NA
D27,PS_MGTRRXP1_505,505,NA,PSGTR,NA
B27,PS_MGTRRXP2_505,505,NA,PSGTR,NA
A25,PS_MGTRRXP3_505,505,NA,PSGTR,NA
E26,PS_MGTRTXN0_505,505,NA,PSGTR,NA
D24,PS_MGTRTXN1_505,505,NA,PSGTR,NA
C26,PS_MGTRTXN2_505,505,NA,PSGTR,NA
B24,PS_MGTRTXN3_505,505,NA,PSGTR,NA
E25,PS_MGTRTXP0_505,505,NA,PSGTR,NA
D23,PS_MGTRTXP1_505,505,NA,PSGTR,NA
C25,PS_MGTRTXP2_505,505,NA,PSGTR,NA
B23,PS_MGTRTXP3_505,505,NA,PSGTR,NA
F24,PS_MGTREFCLK0N_505,505,NA,PSGTR,NA
F23,PS_MGTREFCLK0P_505,505,NA,PSGTR,NA
E22,PS_MGTREFCLK1N_505,505,NA,PSGTR,NA
E21,PS_MGTREFCLK1P_505,505,NA,PSGTR,NA
C22,PS_MGTREFCLK2N_505,505,NA,PSGTR,NA
C21,PS_MGTREFCLK2P_505,505,NA,PSGTR,NA
A22,PS_MGTREFCLK3N_505,505,NA,PSGTR,NA
A21,PS_MGTREFCLK3P_505,505,NA,PSGTR,NA
F22,PS_MGTRREF_505,NA,NA,NA,NA
AC10,VCCO_43,43,NA,NA,NA
AG12,VCCO_43,43,NA,NA,NA
AA14,VCCO_44,44,NA,NA,NA
AD13,VCCO_44,44,NA,NA,NA
B12,VCCO_45,45,NA,NA,NA
E11,VCCO_45,45,NA,NA,NA
C15,VCCO_46,46,NA,NA,NA
F14,VCCO_46,46,NA,NA,NA
AC5,VCCO_64,64,NA,NA,NA
AD8,VCCO_64,64,NA,NA,NA
AG7,VCCO_64,64,NA,NA,NA
H5,VCCO_65,65,NA,NA,NA
J3,VCCO_65,65,NA,NA,NA
L4,VCCO_65,65,NA,NA,NA
B7,VCCO_66,66,NA,NA,NA
D3,VCCO_66,66,NA,NA,NA
E6,VCCO_66,66,NA,NA,NA
AB17,VCCO_PSIO0_500,500,NA,NA,NA
AE16,VCCO_PSIO0_500,500,NA,NA,NA
AG17,VCCO_PSIO0_500,500,NA,NA,NA
H20,VCCO_PSIO1_501,501,NA,NA,NA
L19,VCCO_PSIO1_501,501,NA,NA,NA
D18,VCCO_PSIO2_502,502,NA,NA,NA
G17,VCCO_PSIO2_502,502,NA,NA,NA
M17,VCCO_PSIO3_503,503,NA,NA,NA
P18,VCCO_PSIO3_503,503,NA,NA,NA
AB22,VCCO_PSDDR_504,504,NA,NA,NA
AD23,VCCO_PSDDR_504,504,NA,NA,NA
AF24,VCCO_PSDDR_504,504,NA,NA,NA
P23,VCCO_PSDDR_504,504,NA,NA,NA
T24,VCCO_PSDDR_504,504,NA,NA,NA
V25,VCCO_PSDDR_504,504,NA,NA,NA
Y26,VCCO_PSDDR_504,504,NA,NA,NA
A20,GND,NA,NA,NA,NA
A24,GND,NA,NA,NA,NA
A27,GND,NA,NA,NA,NA
A28,GND,NA,NA,NA,NA
AA1,GND,NA,NA,NA,NA
AA19,GND,NA,NA,NA,NA
AA2,GND,NA,NA,NA,NA
AA24,GND,NA,NA,NA,NA
AA3,GND,NA,NA,NA,NA
AA4,GND,NA,NA,NA,NA
AA5,GND,NA,NA,NA,NA
AA6,GND,NA,NA,NA,NA
AA9,GND,NA,NA,NA,NA
AB12,GND,NA,NA,NA,NA
AB27,GND,NA,NA,NA,NA
AC15,GND,NA,NA,NA,NA
AC20,GND,NA,NA,NA,NA
AC25,GND,NA,NA,NA,NA
AD18,GND,NA,NA,NA,NA
AD3,GND,NA,NA,NA,NA
AE1,GND,NA,NA,NA,NA
AE11,GND,NA,NA,NA,NA
AE21,GND,NA,NA,NA,NA
AE26,GND,NA,NA,NA,NA
AE6,GND,NA,NA,NA,NA
AF14,GND,NA,NA,NA,NA
AF19,GND,NA,NA,NA,NA
AF4,GND,NA,NA,NA,NA
AF9,GND,NA,NA,NA,NA
AG2,GND,NA,NA,NA,NA
AG22,GND,NA,NA,NA,NA
AG27,GND,NA,NA,NA,NA
AH5,GND,NA,NA,NA,NA
B17,GND,NA,NA,NA,NA
B2,GND,NA,NA,NA,NA
B21,GND,NA,NA,NA,NA
B25,GND,NA,NA,NA,NA
B26,GND,NA,NA,NA,NA
C10,GND,NA,NA,NA,NA
C20,GND,NA,NA,NA,NA
C24,GND,NA,NA,NA,NA
C27,GND,NA,NA,NA,NA
C28,GND,NA,NA,NA,NA
C5,GND,NA,NA,NA,NA
D13,GND,NA,NA,NA,NA
D21,GND,NA,NA,NA,NA
D26,GND,NA,NA,NA,NA
D8,GND,NA,NA,NA,NA
E16,GND,NA,NA,NA,NA
E20,GND,NA,NA,NA,NA
E24,GND,NA,NA,NA,NA
E27,GND,NA,NA,NA,NA
E28,GND,NA,NA,NA,NA
F19,GND,NA,NA,NA,NA
F21,GND,NA,NA,NA,NA
F25,GND,NA,NA,NA,NA
F26,GND,NA,NA,NA,NA
F4,GND,NA,NA,NA,NA
F9,GND,NA,NA,NA,NA
G12,GND,NA,NA,NA,NA
G2,GND,NA,NA,NA,NA
G22,GND,NA,NA,NA,NA
G23,GND,NA,NA,NA,NA
G24,GND,NA,NA,NA,NA
G27,GND,NA,NA,NA,NA
G28,GND,NA,NA,NA,NA
G7,GND,NA,NA,NA,NA
H10,GND,NA,NA,NA,NA
H15,GND,NA,NA,NA,NA
H25,GND,NA,NA,NA,NA
J13,GND,NA,NA,NA,NA
J18,GND,NA,NA,NA,NA
J23,GND,NA,NA,NA,NA
J8,GND,NA,NA,NA,NA
K11,GND,NA,NA,NA,NA
K16,GND,NA,NA,NA,NA
K21,GND,NA,NA,NA,NA
K26,GND,NA,NA,NA,NA
K6,GND,NA,NA,NA,NA
L24,GND,NA,NA,NA,NA
L9,GND,NA,NA,NA,NA
M1,GND,NA,NA,NA,NA
M2,GND,NA,NA,NA,NA
M22,GND,NA,NA,NA,NA
M27,GND,NA,NA,NA,NA
M3,GND,NA,NA,NA,NA
M4,GND,NA,NA,NA,NA
M5,GND,NA,NA,NA,NA
M7,GND,NA,NA,NA,NA
N10,GND,NA,NA,NA,NA
N12,GND,NA,NA,NA,NA
N14,GND,NA,NA,NA,NA
N20,GND,NA,NA,NA,NA
N25,GND,NA,NA,NA,NA
N5,GND,NA,NA,NA,NA
P11,GND,NA,NA,NA,NA
P3,GND,NA,NA,NA,NA
P5,GND,NA,NA,NA,NA
P8,GND,NA,NA,NA,NA
R1,GND,NA,NA,NA,NA
R15,GND,NA,NA,NA,NA
R2,GND,NA,NA,NA,NA
R21,GND,NA,NA,NA,NA
R26,GND,NA,NA,NA,NA
R5,GND,NA,NA,NA,NA
T10,GND,NA,NA,NA,NA
T14,GND,NA,NA,NA,NA
T19,GND,NA,NA,NA,NA
T3,GND,NA,NA,NA,NA
T5,GND,NA,NA,NA,NA
T9,GND,NA,NA,NA,NA
U1,GND,NA,NA,NA,NA
U11,GND,NA,NA,NA,NA
U17,GND,NA,NA,NA,NA
U2,GND,NA,NA,NA,NA
U22,GND,NA,NA,NA,NA
U27,GND,NA,NA,NA,NA
U6,GND,NA,NA,NA,NA
V13,GND,NA,NA,NA,NA
V15,GND,NA,NA,NA,NA
V3,GND,NA,NA,NA,NA
V7,GND,NA,NA,NA,NA
W1,GND,NA,NA,NA,NA
W18,GND,NA,NA,NA,NA
W2,GND,NA,NA,NA,NA
W23,GND,NA,NA,NA,NA
W6,GND,NA,NA,NA,NA
Y11,GND,NA,NA,NA,NA
Y16,GND,NA,NA,NA,NA
Y3,GND,NA,NA,NA,NA
Y7,GND,NA,NA,NA,NA
W20,GND_PSADC,NA,NA,NA,NA
V4,MGTAVCC_R,NA,NA,NA,NA
Y4,MGTAVCC_R,NA,NA,NA,NA
P4,MGTAVTT_R,NA,NA,NA,NA
T4,MGTAVTT_R,NA,NA,NA,NA
U5,MGTVCCAUX_R,NA,NA,NA,NA
W5,MGTVCCAUX_R,NA,NA,NA,NA
B22,PS_MGTRAVCC,NA,NA,NA,NA
D22,PS_MGTRAVCC,NA,NA,NA,NA
A23,PS_MGTRAVTT,NA,NA,NA,NA
C23,PS_MGTRAVTT,NA,NA,NA,NA
D25,PS_MGTRAVTT,NA,NA,NA,NA
E23,PS_MGTRAVTT,NA,NA,NA,NA
M16,VCCAUX,NA,NA,NA,NA
N16,VCCAUX,NA,NA,NA,NA
M13,VCCAUX_IO,NA,NA,NA,NA
M14,VCCAUX_IO,NA,NA,NA,NA
M15,VCCAUX_IO,NA,NA,NA,NA
L11,VCCBRAM,NA,NA,NA,NA
L12,VCCBRAM,NA,NA,NA,NA
M11,VCCBRAM,NA,NA,NA,NA
M12,VCCBRAM,NA,NA,NA,NA
N11,VCCINT,NA,NA,NA,NA
N13,VCCINT,NA,NA,NA,NA
N15,VCCINT,NA,NA,NA,NA
P10,VCCINT,NA,NA,NA,NA
P14,VCCINT,NA,NA,NA,NA
P15,VCCINT,NA,NA,NA,NA
R10,VCCINT,NA,NA,NA,NA
R11,VCCINT,NA,NA,NA,NA
R14,VCCINT,NA,NA,NA,NA
T11,VCCINT,NA,NA,NA,NA
T15,VCCINT,NA,NA,NA,NA
U10,VCCINT,NA,NA,NA,NA
U14,VCCINT,NA,NA,NA,NA
U15,VCCINT,NA,NA,NA,NA
V10,VCCINT,NA,NA,NA,NA
V11,VCCINT,NA,NA,NA,NA
V12,VCCINT,NA,NA,NA,NA
V14,VCCINT,NA,NA,NA,NA
K10,VCCINT_IO,NA,NA,NA,NA
L10,VCCINT_IO,NA,NA,NA,NA
M10,VCCINT_IO,NA,NA,NA,NA
M9,VCCINT_IO,NA,NA,NA,NA
U21,VCCINT_VCU,NA,NA,NA,NA
V20,VCCINT_VCU,NA,NA,NA,NA
V21,VCCINT_VCU,NA,NA,NA,NA
W21,VCCINT_VCU,NA,NA,NA,NA
Y21,VCCINT_VCU,NA,NA,NA,NA
Y20,VCC_PSADC,NA,NA,NA,NA
U19,VCC_PSAUX,NA,NA,NA,NA
U20,VCC_PSAUX,NA,NA,NA,NA
V19,VCC_PSAUX,NA,NA,NA,NA
W19,VCC_PSAUX,NA,NA,NA,NA
Y18,VCC_PSBATT,NA,NA,NA,NA
U16,VCC_PSDDR_PLL,NA,NA,NA,NA
U18,VCC_PSDDR_PLL,NA,NA,NA,NA
AA15,VCC_PSINTFP,NA,NA,NA,NA
AA16,VCC_PSINTFP,NA,NA,NA,NA
AA17,VCC_PSINTFP,NA,NA,NA,NA
AA18,VCC_PSINTFP,NA,NA,NA,NA
AB16,VCC_PSINTFP,NA,NA,NA,NA
Y15,VCC_PSINTFP,NA,NA,NA,NA
Y17,VCC_PSINTFP,NA,NA,NA,NA
AA20,VCC_PSINTFP_DDR,NA,NA,NA,NA
AA21,VCC_PSINTFP_DDR,NA,NA,NA,NA
Y19,VCC_PSINTFP_DDR,NA,NA,NA,NA
V16,VCC_PSINTLP,NA,NA,NA,NA
V17,VCC_PSINTLP,NA,NA,NA,NA
V18,VCC_PSINTLP,NA,NA,NA,NA
W15,VCC_PSINTLP,NA,NA,NA,NA
W16,VCC_PSINTLP,NA,NA,NA,NA
W17,VCC_PSINTLP,NA,NA,NA,NA
T16,VCC_PSPLL,NA,NA,NA,NA
T17,VCC_PSPLL,NA,NA,NA,NA
T18,VCC_PSPLL,NA,NA,NA,NA
,,,,,
Total Number of Pins,784,,,,
